{
"lengthUnit": "mil",
"remark": [],
"components": {
	"fields": ["COMPONENT_NO", "COMPONENT_NAME", "LAYER", "X_COORDINATE", "Y_COORDINATE", "ANGLE"],
	"rows": [
		[1, "BT1", "B", 50, -215, 180],
		[2, "C1", "T", -120, 335, 270],
		[3, "LED1", "T", 50, 110, 180],
		[4, "LED2", "T", 52.1875, -25, 180],
		[5, "LED3", "T", 52.599, -150, 180],
		[6, "LED4", "T", 55.0005, -251.9466, 0],
		[7, "R1", "T", 320, -251.9466, 0],
		[8, "R2", "T", 315, -25.1965, 0],
		[9, "R3", "T", 315, -150, 0],
		[10, "R4", "T", 315, 110, 0],
		[11, "RESET", "B", 55, 360, 180],
		[12, "SW1", "B", 630, 30, 270],
		[13, "U1", "T", 138.302, 336.0042, 0],
		[14, "PAD1", "T", -55, -25, 0],
		[15, "PAD2", "T", -55, -134.996, 0],
		[16, "PAD3", "T", 5.4285, 165.4325, 0],
		[17, "PAD4", "T", -55, -244.996, 0],
		[18, "PAD5", "T", -62.0711, 469.6832, 0],
		[19, "PAD6", "T", -55, -365, 0],
		[20, "PAD7", "T", -55, -440, 0],
		[21, "PAD8", "T", -120, 295.63, 0],
		[22, "PAD9", "T", -120, 374.37, 0],
		[23, "PAD10", "T", 108.757, 110.002, 0],
		[24, "PAD11", "T", -8.763, 110.002, 0],
		[25, "PAD12", "T", 8.8795, -25.004, 0],
		[26, "PAD13", "T", 95.4995, -25.004, 0],
		[27, "PAD14", "T", 84.077, -149.858, 0],
		[28, "PAD15", "T", 21.127, -150.138, 0],
		[29, "PAD16", "T", 337.04, -251.9466, 0],
		[30, "PAD17", "T", 302.96, -251.9466, 0],
		[31, "PAD18", "T", 354.37, -25.1965, 0],
		[32, "PAD19", "T", 275.63, -25.1965, 0],
		[33, "PAD20", "T", 344.66, -150, 0],
		[34, "PAD21", "T", 285.34, -150, 0],
		[35, "PAD22", "T", 373.22, 110, 0],
		[36, "PAD23", "T", 256.78, 110, 0],
		[37, "PAD24", "B", 184.92, 432.84, 0],
		[38, "PAD25", "B", -74.92, 432.84, 0],
		[39, "PAD26", "B", 184.92, 287.16, 0],
		[40, "PAD27", "B", -74.92, 287.16, 0],
		[41, "PAD28", "T", 76.1915, -251.9466, 0],
		[42, "PAD29", "T", 33.8115, -251.9466, 0],
		[43, "PAD30", "B", 606.38, -111.73, 0],
		[44, "PAD31", "B", 696.93, -111.73, 0],
		[45, "PAD32", "B", 696.93, 171.73, 0],
		[46, "PAD33", "B", 606.38, 171.73, 0],
		[47, "PAD34", "B", 563.07, 0.47, 0],
		[48, "PAD35", "B", 563.07, 118.58, 0],
		[49, "PAD36", "T", 59.562, 217.8892, 0],
		[50, "PAD37", "T", 98.932, 217.8892, 0],
		[51, "PAD38", "T", 138.302, 217.8892, 0],
		[52, "PAD39", "T", 177.672, 217.8892, 0],
		[53, "PAD40", "T", 217.042, 217.8892, 0],
		[54, "PAD41", "T", 217.042, 454.1092, 0],
		[55, "PAD42", "T", 177.672, 454.1192, 0],
		[56, "PAD43", "T", 138.302, 454.1192, 0],
		[57, "PAD44", "T", 98.932, 454.1192, 0],
		[58, "PAD45", "T", 59.562, 454.1092, 0],
		[59, "PAD46", "B", -396.85, -215, 0],
		[60, "PAD47", "B", 50, -215, 0],
		[61, "PAD48", "B", 496.85, -215, 0]
	]
},
"pins": {
	"fields": ["PIN_NO", "PIN_NAME", "PIN_X", "PIN_Y", "LAYER", "PIN_TYPE", "NET_NAME", "NET_TYPE", "PAD_SHAPE", "PAD_SIZEX", "PAD_SIZEY", "HOLE_SIZE", "HOLE_LEN", "PAD_ANGLE"],
	"rows": [
		[1, "BT1_1", -396.85, -215, "B", "SMD", "3V3", "", "R", 94.488, 240.157, 0, 0, 180],
		[2, "BT1_1", 496.85, -215, "B", "SMD", "3V3", "", "R", 94.488, 240.157, 0, 0, 180],
		[3, "BT1_2", 50, -215, "B", "SMD", "SW", "", "C", 669.2913, 669.2913, 0, 0, 180],
		[4, "C1_1", -120, 374.37, "T", "SMD", "GND", "GND", "R", 55.512, 53.15, 0, 0, 270],
		[5, "C1_2", -120, 295.63, "T", "SMD", "3V3", "", "R", 55.512, 53.15, 0, 0, 270],
		[6, "LED1_1", -8.763, 110.002, "T", "SMD", "PA5", "", "R", 58.465, 63.78, 0, 0, 180],
		[7, "LED1_2", 108.757, 110.002, "T", "SMD", "$1N1608", "", "R", 58.465, 63.78, 0, 0, 180],
		[8, "LED2_1", 95.4995, -25.004, "T", "SMD", "$1N1489", "", "R", 39.37, 49.213, 0, 0, 0],
		[9, "LED2_2", 8.8795, -25.004, "T", "SMD", "PA7", "", "R", 39.37, 49.213, 0, 0, 0],
		[10, "LED3_1", 84.077, -149.858, "T", "SMD", "$1N1528", "", "R", 31.496, 31.496, 0, 0, 270],
		[11, "LED3_2", 21.127, -150.138, "T", "SMD", "PA6", "", "R", 31.496, 31.496, 0, 0, 270],
		[12, "LED4_1", 33.8115, -251.9466, "T", "SMD", "PA1", "", "R", 25.058, 21.26, 0, 0, 0],
		[13, "LED4_2", 76.1915, -251.9466, "T", "SMD", "$1N1567", "", "R", 25.058, 21.26, 0, 0, 0],
		[14, "R1_1", 302.96, -251.9466, "T", "SMD", "$1N1567", "", "R", 22.27, 21.26, 0, 0, 0],
		[15, "R1_2", 337.04, -251.9466, "T", "SMD", "GND", "GND", "R", 22.27, 21.26, 0, 0, 0],
		[16, "R2_1", 275.63, -25.1965, "T", "SMD", "$1N1489", "", "R", 44.588, 54.213, 0, 0, 0],
		[17, "R2_2", 354.37, -25.1965, "T", "SMD", "GND", "GND", "R", 44.588, 54.213, 0, 0, 0],
		[18, "R3_1", 285.34, -150, "T", "SMD", "$1N1528", "", "R", 31.751, 34.016, 0, 0, 0],
		[19, "R3_2", 344.66, -150, "T", "SMD", "GND", "GND", "R", 31.751, 34.016, 0, 0, 0],
		[20, "R4_1", 256.78, 110, "T", "SMD", "$1N1608", "", "R", 47.54, 66.969, 0, 0, 0],
		[21, "R4_2", 373.22, 110, "T", "SMD", "GND", "GND", "R", 47.54, 66.969, 0, 0, 0],
		[22, "RESET_1", 184.92, 432.84, "B", "SMD", "GND", "GND", "R", 66.929, 39.37, 0, 0, 180],
		[23, "RESET_2", -74.92, 432.84, "B", "SMD", "GND", "GND", "R", 66.929, 39.37, 0, 0, 180],
		[24, "RESET_3", 184.92, 287.16, "B", "SMD", "NRST", "", "R", 66.929, 39.37, 0, 0, 180],
		[25, "RESET_4", -74.92, 287.16, "B", "SMD", "NRST", "", "R", 66.929, 39.37, 0, 0, 180],
		[26, "SW1_1", 563.07, 118.58, "B", "SMD", "GND", "GND", "R", 60, 23.622, 0, 0, 180],
		[27, "SW1_2", 563.07, 0.47, "B", "SMD", "SW", "", "R", 60, 23.622, 0, 0, 180],
		[28, "SW1_3", 563.07, -58.58, "B", "SMD", "NET_1", "", "R", 60, 23.622, 0, 0, 180],
		[29, "SW1_4", 606.38, -111.73, "B", "SMD", "GND", "GND", "R", 47.244, 27.559, 0, 0, 90],
		[30, "SW1_4", 696.93, -111.73, "B", "SMD", "GND", "GND", "R", 47.244, 27.559, 0, 0, 90],
		[31, "SW1_4", 696.93, 171.73, "B", "SMD", "GND", "GND", "R", 47.244, 27.559, 0, 0, 90],
		[32, "SW1_4", 606.38, 171.73, "B", "SMD", "GND", "GND", "R", 47.244, 27.559, 0, 0, 90],
		[33, "U1_1", 59.562, 217.8892, "T", "SMD", "3V3", "", "R", 59.055, 23.622, 0, 0, 90],
		[34, "U1_2", 98.932, 217.8892, "T", "SMD", "PF0", "", "R", 59.055, 23.622, 0, 0, 90],
		[35, "U1_3", 138.302, 217.8892, "T", "SMD", "PA5", "", "R", 59.055, 23.622, 0, 0, 90],
		[36, "U1_4", 177.672, 217.8892, "T", "SMD", "NRST", "", "R", 59.055, 23.622, 0, 0, 90],
		[37, "U1_5", 217.042, 217.8892, "T", "SMD", "PA1", "", "R", 59.055, 23.622, 0, 0, 90],
		[38, "U1_6", 217.042, 454.1092, "T", "SMD", "PA6", "", "R", 59.055, 23.622, 0, 0, 90],
		[39, "U1_7", 177.672, 454.1192, "T", "SMD", "PA7", "", "R", 59.055, 23.622, 0, 0, 90],
		[40, "U1_8", 138.302, 454.1192, "T", "SMD", "SW_DIO", "", "R", 59.055, 23.622, 0, 0, 90],
		[41, "U1_9", 98.932, 454.1192, "T", "SMD", "SW_CLK", "", "R", 59.055, 23.622, 0, 0, 90],
		[42, "U1_10", 59.562, 454.1092, "T", "SMD", "GND", "GND", "R", 59.055, 23.622, 0, 0, 90],
		[43, "U1_11", 138.302, 335.9992, "T", "SMD", "NET_2", "", "R", 129.921, 82.677, 0, 0, 180],
		[44, "PAD1_1", -55, -25, "T", "SMD", "PA7", "", "C", 15, 15, 0, 0, 0],
		[45, "PAD2_1", -55, -134.996, "T", "SMD", "PA6", "", "C", 15, 15, 0, 0, 0],
		[46, "PAD3_1", 5.4285, 165.4325, "T", "SMD", "PA5", "", "C", 15, 15, 0, 0, 0],
		[47, "PAD4_1", -55, -244.996, "T", "SMD", "PA1", "", "C", 15, 15, 0, 0, 0],
		[48, "PAD5_1", -62.0711, 469.6832, "T", "SMD", "GND", "GND", "C", 15, 15, 0, 0, 0],
		[49, "PAD6_1", -55, -365, "T", "SMD", "3V3", "", "C", 15, 15, 0, 0, 0],
		[50, "PAD7_1", -55, -440, "T", "SMD", "GND", "GND", "C", 15, 15, 0, 0, 0],
		[51, "PAD8_2", -120, 295.63, "T", "SMD", "3V3", "", "R", 55.512, 53.15, 0, 0, 270],
		[52, "PAD9_1", -120, 374.37, "T", "SMD", "GND", "GND", "R", 55.512, 53.15, 0, 0, 270],
		[53, "PAD10_2", 108.757, 110.002, "T", "SMD", "$1N1608", "", "R", 58.465, 63.78, 0, 0, 180],
		[54, "PAD11_1", -8.763, 110.002, "T", "SMD", "PA5", "", "R", 58.465, 63.78, 0, 0, 180],
		[55, "PAD12_2", 8.8795, -25.004, "T", "SMD", "PA7", "", "R", 39.37, 49.213, 0, 0, 0],
		[56, "PAD13_1", 95.4995, -25.004, "T", "SMD", "$1N1489", "", "R", 39.37, 49.213, 0, 0, 0],
		[57, "PAD14_1", 84.077, -149.858, "T", "SMD", "$1N1528", "", "R", 31.496, 31.496, 0, 0, 270],
		[58, "PAD15_2", 21.127, -150.138, "T", "SMD", "PA6", "", "R", 31.496, 31.496, 0, 0, 270],
		[59, "PAD16_2", 337.04, -251.9466, "T", "SMD", "GND", "GND", "R", 22.27, 21.26, 0, 0, 0],
		[60, "PAD17_1", 302.96, -251.9466, "T", "SMD", "$1N1567", "", "R", 22.27, 21.26, 0, 0, 0],
		[61, "PAD18_2", 354.37, -25.1965, "T", "SMD", "GND", "GND", "R", 44.588, 54.213, 0, 0, 0],
		[62, "PAD19_1", 275.63, -25.1965, "T", "SMD", "$1N1489", "", "R", 44.588, 54.213, 0, 0, 0],
		[63, "PAD20_2", 344.66, -150, "T", "SMD", "GND", "GND", "R", 31.751, 34.016, 0, 0, 0],
		[64, "PAD21_1", 285.34, -150, "T", "SMD", "$1N1528", "", "R", 31.751, 34.016, 0, 0, 0],
		[65, "PAD22_2", 373.22, 110, "T", "SMD", "GND", "GND", "R", 47.54, 66.969, 0, 0, 0],
		[66, "PAD23_1", 256.78, 110, "T", "SMD", "$1N1608", "", "R", 47.54, 66.969, 0, 0, 0],
		[67, "PAD24_1", 184.92, 432.84, "B", "SMD", "GND", "GND", "R", 66.929, 39.37, 0, 0, 180],
		[68, "PAD25_2", -74.92, 432.84, "B", "SMD", "GND", "GND", "R", 66.929, 39.37, 0, 0, 180],
		[69, "PAD26_3", 184.92, 287.16, "B", "SMD", "NRST", "", "R", 66.929, 39.37, 0, 0, 180],
		[70, "PAD27_4", -74.92, 287.16, "B", "SMD", "NRST", "", "R", 66.929, 39.37, 0, 0, 180],
		[71, "PAD28_2", 76.1915, -251.9466, "T", "SMD", "$1N1567", "", "R", 25.058, 21.26, 0, 0, 0],
		[72, "PAD29_1", 33.8115, -251.9466, "T", "SMD", "PA1", "", "R", 25.058, 21.26, 0, 0, 0],
		[73, "PAD30_4", 606.38, -111.73, "B", "SMD", "GND", "GND", "R", 47.244, 27.559, 0, 0, 90],
		[74, "PAD31_4", 696.93, -111.73, "B", "SMD", "GND", "GND", "R", 47.244, 27.559, 0, 0, 90],
		[75, "PAD32_4", 696.93, 171.73, "B", "SMD", "GND", "GND", "R", 47.244, 27.559, 0, 0, 90],
		[76, "PAD33_4", 606.38, 171.73, "B", "SMD", "GND", "GND", "R", 47.244, 27.559, 0, 0, 90],
		[77, "PAD34_2", 563.07, 0.47, "B", "SMD", "SW", "", "R", 60, 23.622, 0, 0, 180],
		[78, "PAD35_1", 563.07, 118.58, "B", "SMD", "GND", "GND", "R", 60, 23.622, 0, 0, 180],
		[79, "PAD36_1", 59.562, 217.8892, "T", "SMD", "3V3", "", "R", 59.055, 23.622, 0, 0, 90],
		[80, "PAD37_2", 98.932, 217.8892, "T", "SMD", "PF0", "", "R", 59.055, 23.622, 0, 0, 90],
		[81, "PAD38_3", 138.302, 217.8892, "T", "SMD", "PA5", "", "R", 59.055, 23.622, 0, 0, 90],
		[82, "PAD39_4", 177.672, 217.8892, "T", "SMD", "NRST", "", "R", 59.055, 23.622, 0, 0, 90],
		[83, "PAD40_5", 217.042, 217.8892, "T", "SMD", "PA1", "", "R", 59.055, 23.622, 0, 0, 90],
		[84, "PAD41_6", 217.042, 454.1092, "T", "SMD", "PA6", "", "R", 59.055, 23.622, 0, 0, 90],
		[85, "PAD42_7", 177.672, 454.1192, "T", "SMD", "PA7", "", "R", 59.055, 23.622, 0, 0, 90],
		[86, "PAD43_8", 138.302, 454.1192, "T", "SMD", "SW_DIO", "", "R", 59.055, 23.622, 0, 0, 90],
		[87, "PAD44_9", 98.932, 454.1192, "T", "SMD", "SW_CLK", "", "R", 59.055, 23.622, 0, 0, 90],
		[88, "PAD45_10", 59.562, 454.1092, "T", "SMD", "GND", "GND", "R", 59.055, 23.622, 0, 0, 90],
		[89, "PAD46_1", -396.85, -215, "B", "SMD", "3V3", "", "R", 94.488, 240.157, 0, 0, 180],
		[90, "PAD47_2", 50, -215, "B", "SMD", "SW", "", "C", 669.2913, 669.2913, 0, 0, 180],
		[91, "PAD48_1", 496.85, -215, "B", "SMD", "3V3", "", "R", 94.488, 240.157, 0, 0, 180]
	]
}
}